Triple,en
Talaq,ur
par,ur
Burbak,ur
Kuchh,ur
nahi,ur
bolega,ur
Batao,ur
ye,ur
uss,ur
site,en
pr,ur
se,ur
akki,ur
sir,en
ke,ur
verdict,en
nikaal,ur
laaye,ur
jaha,ur
he,ur
ajay,ur
ki,ur
ek,ur
bi,ur
movie,en
hit,ur
nai,ur
Hindu,ur
baheno,ur
par,ur
julam,ur
bardas,ur
nahi,ur
hoga,ur
@TripleTalaq,rest
Hindu,ur
daram,ur
par,ur
lago,ur
hoga,ur
hamari,ur
Hindu,ur
baheno,ur
ki,ur
soraksa,ur
ke,ur
liye,ur
Naa,ur
bhai,ur
..,rest
aisa,ur
nhi,ur
hai,ur
..,rest
mere,ur
handle,en
karne,ur
se,ur
bhi,ur
kuchh,ur
hona,ur
nhi,ur
hai,ur
..,rest
politics,en
se,ur
mera,ur
door,ur
door,ur
tak,ur
ka,ur
naata,ur
nhi,ur
hai,ur
#RememberingRajiv,rest
aaj,ur
agar,ur
musalman,ur
auraten,ur
triple,en
talaq,ur
ki,ur
wajah,ur
se,ur
itni,ur
jaleel,ur
ho,ur
rahi,ur
hai,ur
to,ur
iss,ur
ka,ur
sabse,ur
bada,ur
reason,en
Rajib,ur
gandhi,rest
hai,ur
.,rest
are,ur
cricket,en
se,ur
sanyas,ur
le,ur
liya,ur
kya,ur
viru,ur
aur,ur
social,en
service,en
suru,ur
kardiya,ur
.,rest
khel,ur
hi,ur
bhul,ur
gaye,ur
.,rest
innings,ur
n,ur
Sohail,ur
bahi,ur
hame,ur
bhi,ur
treen,ur
kardo,ur
muje,ur
bhi,ur
shock,en
he,ur
cricket,en
bhai,ur
triple,en
talaq,ur
se,ur
aap,ur
kya,ur
samjhte,ur
hai,ur
samjhaye,ur
aap,ur
zara,ur
..,rest
agar,ur
triple,en
talaq,ur
pta,ur
hota,ur
apko,ur
toh,ur
aisa,ur
nhi,ur
kehte,ur
..,rest
Bachcho,ur
ki,ur
death,en
par,ur
politics,en
ke,ur
bajay,ur
unke,ur
liye,ur
prayer,en
aur,ur
unki,ur
family,en
ko,ur
console,en
kiya,ur
jana,ur
jyada,ur
zaruri,ur
he,ur
..,rest
thodi,ur
humanity,en
bhi,ur
zaruri,ur
he,ur
#@spn_cricket,rest
lijiye,ur
S,ur
Thakur,ur
ne,ur
phir,ur
pahni,ur
no,en
.,rest
jarsi,ur
inka,ur
kharab,ur
din,ur
chalu,ur
ho,ur
gaya,ur
..,rest
@BCCI#Slsvind,rest
Itna,ur
hungama,ur
to,ur
#TripleTalaq,rest
par,ur
muslims,ur
me,ur
bhi,ur
nahi,ur
hua,ur
..,rest
Jitna,ur
#RamRahimVerdict,rest
par,ur
Dharamguruao,ur
me,ur
ho,ur
raha,ur
h,ur
..,rest
#CongressWithRamRahim,rest
#Bollywood,rest
@amitdey10510709,rest
Bhaag,ur
Milkha,ur
Bhaag,ur
!,rest
bhau,ur
Bollywood,ur
ka,ur
main,ur
adda,ur
Mumbai,ur
hai,ur
...,rest
Jaha,ur
rahne,ur
k,ur
liye,ur
heroin,en
ki,ur
cha,ur
mud,en
jati,ur
hai,ur
.,rest
Aao,ur
kabhi,ur
haweli,ur
(,rest
Maharashtra,ur
),rest
pe,ur
Bhai,ur
kuchh,ur
bhi,ur
karna,ur
iss,ur
@SimplySajidK,rest
ke,ur
saath,ur
movie,en
mat,ur
karna,ur
..,rest
Bollywood,ur
se,ur
nafrat,ur
ho,ur
jaati,ur
hai,ur
..,rest
Itni,ur
sadi,ur
hui,ur
ghatiya,ur
filmein,ur
banata,ur
h,ur
ye,ur
#veerupanti,rest
:,rest
tag,en
line,en
Chayawadi,ur
baat,ur
kyu,ur
kr,ur
rhi,ur
hai,ur
madam,en
aap,ur
..,rest
khul,ur
kr,ur
condem,ur
kegeye,ur
..,rest
mere,ur
smjh,ur
se,ur
administrator,en
ko,ur
politics,en
se,ur
dur,ur
rhna,ur
chahiye,ur
..,rest
desh,ur
ke,ur
liye,ur
Abusing,ur
tweet,en
ke,ur
liye,ur
Account,en
suspend,en
karte,ur
ho,ur
...,rest
Woh,ur
bhi,ur
wo,ur
desh,ur
me,ur
...,rest
Jahan,ur
gali,ur
gali,ur
me,ur
yahi,ur
language,en
use,ur
hota,ur
hai,ur
...,rest
#Irony,rest
Hindu,ur
Married,en
men,ur
to,ur
Mr,en
.,rest
Modi,rest
:,rest
triple,en
talaq,ur
toh,ur
nipat,ur
gaya,ur
ab,ur
woh,ur
saat,ur
janmoon,ur
wala,ur
masla,ur
bhi,ur
nipata,ur
dijeyega,ur
@narendramodi,rest
#TripleTalaq,rest
Muslims,ur
triple,en
talaq,ur
ka,ur
darr,ur
dikhake,ur
apni,ur
biwiyo,ur
ka,ur
roj,ur
rape,en
karte,ur
hn,ur
talak,ur
=-,rest
nikah,ur
=-,rest
baccho,ur
ki,ur
factory,en
.,rest
abhi,ur
chaat,ur
k,ur
kya,ur
matlab,ur
.,rest
Jisko,ur
samjhana,ur
tha,ur
samajh,ur
gaya,ur
tum,ur
sale,ur
intrviw,ur
to,ur
saare,ur
englsh,ur
mein,ur
dete,ur
to,ur
Bollywood,ur
kaho,ur
HIndi,ur
Film,en
indutry,ur
nahi,ur
Congress,en
isame,ur
kuch,ur
nahi,ur
bolti,ur
esaliye,ur
Modi,rest
pachad,ur
Raha,ur
hai,ur
har,ur
jagah,ur
avasarvadi,ur
politics,en
Congress,en
karate,ur
hai,ur
Modi,rest
gorakshko,ur
bhi,ur
data,en
hai,ur
#TripleTalaq,rest
aur,ur
Burkha,ur
pe,ur
bolne,ur
ko,ur
bolo,ur
toh,ur
Anand,ur
bhais,ur
kalti,ur
maar,ur
lete,ur
hai,ur
.,rest
Canadian,en
ko,ur
itna,ur
bhaw,ur
matt,ur
diya,ur
kar,ur
khans,ur
khans,ur
hota,ur
hai,ur
aur,ur
baki,ur
sab,ur
bachhe,ur
hai,ur
...,rest
khans,ur
hi,ur
superstars,ur
hai,ur
bollywood,ur
ke,ur
baki,ur
sab,ur
stars,ur
kaafiron,ur
',rest
ko,ur
',rest
masjid,ur
',rest
mein,ur
',rest
namaz,ur
',rest
perhtay,ur
huaay,ur
maara,ur
gyaa,ur
..,rest
bohat,ur
khoob,ur
mashallah,ur
!,rest
#irony,rest
Bhai,ur
Politics,en
apni,ur
jagah,ur
par,ur
kisi,ur
bhi,ur
Hindu,ur
ladki,ur
ko,ur
Musalman,ur
kehna,ur
kaha,ur
sahi,ur
hai,ur
yaar,ur
.,rest
Ijjat,ur
sabse,ur
badi,ur
chij,ur
hai,ur
.,rest
Ho,ur
gaya,ur
lasho,ur
pe,ur
politics,en
Khel,ur
ke,ur
?,rest
Politicians,ur
se,ur
toh,ur
tu,ur
zyada,ur
harami,ur
hai,ur
be,ur
.,rest
BC,ur
..,rest
Mar,ur
kyu,ur
nahi,ur
jaate,ur
kahi,ur
jaake,ur
.,rest
Sharam,ur
karo,ur
madarchodon,ur
@jalanjalans,rest
Bhai,ur
AAP,ur
apne,ur
sab,ur
Kharche,ur
ka,ur
Hisaab,ur
Deti,ur
hai,ur
..,rest
Sab,ur
Jagah,ur
..,rest
u,ur
r,ur
saying,en
jo,ur
Party,en
ka,ur
%,rest
ka,ur
pata,ur
nahi,ur
wo,ur
hisaab,ur
deti,ur
hI,ur
yes,en
sir,en
kahete,ur
he,ur
na,ur
ki,ur
cricket,en
me,ur
kuch,ur
bhi,ur
ho,ur
sakta,ur
he,ur
kal,ur
ke,ur
match,en
me,ur
dekh,ur
bhi,ur
liya,ur
.,rest
Yeh,ur
kya,ur
vahiyaat,ur
kisam,ur
ki,ur
ODI,ur
cricket,en
hai,ur
?,rest
#SLvIND,rest
Tuje,ur
pata,ur
Hai,ur
kolkta,ur
sonagachi,ur
main,ur
%,rest
prostitute,en
Teri,ur
bahan,ur
hai,ur
Jo,ur
triple,en
talaq,ur
or,ur
hallala,ur
or,ur
suvaro,ur
ki,ur
tarah,ur
bachee,ur
hone,ur
ki,ur
wajah,ur
se,ur
Muslim,ur
bahno,ur
ke,ur
haq,ur
ke,ur
liye,ur
bohot,ur
Josh,en
se,ur
ladh,ur
rahe,ur
they,en
show,en
bhi,ur
kiya,ur
#Triple,rest
talaq,ur
Ek,ur
aurat,ur
ki,ur
ismat,ur
lutne,ur
wala,ur
Abhi,ur
bhi,ur
baba,ur
hi,ur
hai,ur
Pakistani,en
sabiq,ur
leg,en
=-,rest
spinner,en
Abdul,ur
Qadir,ur
ne,ur
kaha,ur
hai,ur
ke,ur
qoumi,ur
Cricket,en
team,en
ko,ur
World,en
Eleven,en
ke,ur
khilaaf,ur
series,en
ko,ur
aasan,ur
na,ur
samjha,ur
jaye#AnSaR,ur
#AAP,rest
Ek,ur
apeel,ur
ye,ur
bhi,ur
kar,ur
dete,ur
ki,ur
kripya,ur
Hindu,ur
mujhe,ur
vote,en
na,ur
den,en
.,rest
Tab,ur
hoti,ur
Different,en
Politics,en
.,rest
@ArvindKejriwal,rest
Rest of the Data will be provided on request.,
